window_size,epochs,accuracy
3,1,0.9615463528245525
4,1,0.9615463534395741
5,1,0.9615463534328539
